Author,Lines Added,Lines Removed
-	-	{android => studbudz/android}/app/.cxx/Debug/726k2f5l/x86/CMakeFiles/3.22.1-g37088a8-dirty/CompilerIdCXX/CMakeCXXCompilerId.o,0,0
-	-	studbudz/android/app/.cxx/Debug/345c5g6q/x86_64/CMakeFiles/3.22.1-g37088a8-dirty/CompilerIdC/CMakeCCompilerId.o,791,0
-	-	{web => studbudz/web}/icons/Icon-maskable-512.png,0,0
-	-	studbudz/android/app/.cxx/Debug/345c5g6q/x86/CMakeFiles/3.22.1-g37088a8-dirty/CMakeDetermineCompilerABI_CXX.bin,818,0
-	-	{android => studbudz/android}/app/.cxx/Debug/726k2f5l/armeabi-v7a/CMakeFiles/3.22.1-g37088a8-dirty/CMakeDetermineCompilerABI_CXX.bin,0,0
-	-	windows/runner/resources/app_icon.ico,488,0
-	-	{android => studbudz/android}/app/src/main/res/mipmap-xxxhdpi/ic_launcher.png,0,0
-	-	{ios => studbudz/ios}/Runner/Assets.xcassets/LaunchImage.imageset/LaunchImage@3x.png,0,0
-	-	{android => studbudz/android}/app/.cxx/Debug/726k2f5l/x86/CMakeFiles/3.22.1-g37088a8-dirty/CompilerIdC/CMakeCCompilerId.o,0,0
-	-	studbudz/android/app/.cxx/Debug/345c5g6q/armeabi-v7a/CMakeFiles/3.22.1-g37088a8-dirty/CompilerIdCXX/CMakeCXXCompilerId.o,3213,0
AlanMet,9880,1221
-	-	android/app/.cxx/Debug/726k2f5l/armeabi-v7a/CMakeFiles/3.22.1-g37088a8-dirty/CompilerIdC/CMakeCCompilerId.o,791,0
-	-	studbudz/android/app/.cxx/Debug/345c5g6q/arm64-v8a/CMakeFiles/3.22.1-g37088a8-dirty/CMakeDetermineCompilerABI_CXX.bin,818,0
-	-	{android => studbudz/android}/app/.cxx/Debug/726k2f5l/arm64-v8a/CMakeFiles/3.22.1-g37088a8-dirty/CMakeDetermineCompilerABI_CXX.bin,0,0
-	-	{android => studbudz/android}/app/.cxx/Debug/726k2f5l/armeabi-v7a/CMakeFiles/3.22.1-g37088a8-dirty/CompilerIdC/CMakeCCompilerId.o,0,0
-	-	{ios => studbudz/ios}/Runner/Assets.xcassets/AppIcon.appiconset/Icon-App-83.5x83.5@2x.png,0,0
-	-	android/app/src/main/res/mipmap-xxxhdpi/ic_launcher.png,1051,0
-	-	android/app/.cxx/Debug/726k2f5l/arm64-v8a/CMakeFiles/3.22.1-g37088a8-dirty/CMakeDetermineCompilerABI_CXX.bin,818,0
-	-	studbudz/android/app/.cxx/Debug/345c5g6q/x86_64/CMakeFiles/3.22.1-g37088a8-dirty/CompilerIdCXX/CMakeCXXCompilerId.o,361,6
-	-	web/icons/Icon-maskable-512.png,680,0
-	-	studbudz/android/app/.cxx/Debug/345c5g6q/arm64-v8a/CMakeFiles/3.22.1-g37088a8-dirty/CompilerIdCXX/CMakeCXXCompilerId.o,3186,0
-	-	studbudz/android/app/.cxx/Debug/345c5g6q/x86_64/CMakeFiles/3.22.1-g37088a8-dirty/CMakeDetermineCompilerABI_CXX.bin,818,0
-	-	android/app/.cxx/Debug/726k2f5l/x86_64/CMakeFiles/3.22.1-g37088a8-dirty/CMakeDetermineCompilerABI_CXX.bin,818,0
-	-	android/app/.cxx/Debug/726k2f5l/x86/CMakeFiles/3.22.1-g37088a8-dirty/CompilerIdC/CMakeCCompilerId.o,791,0
Shin-os,270,0
-	-	{android => studbudz/android}/app/.cxx/Debug/726k2f5l/x86_64/CMakeFiles/3.22.1-g37088a8-dirty/CMakeDetermineCompilerABI_CXX.bin,0,0
-	-	studbudz/android/app/.cxx/Debug/345c5g6q/x86/CMakeFiles/3.22.1-g37088a8-dirty/CompilerIdCXX/CMakeCXXCompilerId.o,3186,0
-	-	android/app/.cxx/Debug/726k2f5l/x86_64/CMakeFiles/3.22.1-g37088a8-dirty/CompilerIdCXX/CMakeCXXCompilerId.o,463,133
-	-	{windows => studbudz/windows}/runner/resources/app_icon.ico,0,0
-	-	android/app/.cxx/Debug/726k2f5l/arm64-v8a/CMakeFiles/3.22.1-g37088a8-dirty/CompilerIdCXX/CMakeCXXCompilerId.o,3186,0
-	-	assets/profileIcon.jpg,122,3
Hashemhus,84,18
-	-	{android => studbudz/android}/app/.cxx/Debug/726k2f5l/armeabi-v7a/CMakeFiles/3.22.1-g37088a8-dirty/CompilerIdCXX/CMakeCXXCompilerId.o,0,0
-	-	studbudz/android/app/.cxx/Debug/345c5g6q/x86/CMakeFiles/3.22.1-g37088a8-dirty/CompilerIdC/CMakeCCompilerId.o,791,0
-	-	macos/Runner/Assets.xcassets/AppIcon.appiconset/app_icon_64.png,786,0
-	-	android/app/.cxx/Debug/726k2f5l/x86/CMakeFiles/3.22.1-g37088a8-dirty/CompilerIdCXX/CMakeCXXCompilerId.o,3186,0
-	-	{android => studbudz/android}/app/.cxx/Debug/726k2f5l/arm64-v8a/CMakeFiles/3.22.1-g37088a8-dirty/CompilerIdCXX/CMakeCXXCompilerId.o,0,0
-	-	{assets => studbudz/assets}/profileIcon.jpg,0,0
-	-	{macos => studbudz/macos}/Runner/Assets.xcassets/AppIcon.appiconset/app_icon_64.png,3,3
-	-	android/app/.cxx/Debug/726k2f5l/x86/CMakeFiles/3.22.1-g37088a8-dirty/CMakeDetermineCompilerABI_CXX.bin,818,0
-	-	ios/Runner/Assets.xcassets/LaunchImage.imageset/LaunchImage@3x.png,1608,0
-	-	android/app/.cxx/Debug/726k2f5l/armeabi-v7a/CMakeFiles/3.22.1-g37088a8-dirty/CompilerIdCXX/CMakeCXXCompilerId.o,3213,0
-	-	android/app/.cxx/Debug/726k2f5l/x86_64/CMakeFiles/3.22.1-g37088a8-dirty/CompilerIdC/CMakeCCompilerId.o,791,0
-	-	android/app/.cxx/Debug/726k2f5l/armeabi-v7a/CMakeFiles/3.22.1-g37088a8-dirty/CMakeDetermineCompilerABI_CXX.bin,818,0
-	-	android/app/.cxx/Debug/726k2f5l/arm64-v8a/CMakeFiles/3.22.1-g37088a8-dirty/CompilerIdC/CMakeCCompilerId.o,791,0
-	-	{android => studbudz/android}/app/.cxx/Debug/726k2f5l/x86_64/CMakeFiles/3.22.1-g37088a8-dirty/CompilerIdC/CMakeCCompilerId.o,0,0
-	-	{android => studbudz/android}/app/.cxx/Debug/726k2f5l/x86_64/CMakeFiles/3.22.1-g37088a8-dirty/CompilerIdCXX/CMakeCXXCompilerId.o,0,0
-	-	{android => studbudz/android}/app/.cxx/Debug/726k2f5l/arm64-v8a/CMakeFiles/3.22.1-g37088a8-dirty/CompilerIdC/CMakeCCompilerId.o,0,0
-	-	{android => studbudz/android}/app/.cxx/Debug/726k2f5l/x86/CMakeFiles/3.22.1-g37088a8-dirty/CMakeDetermineCompilerABI_CXX.bin,0,0
-	-	studbudz/android/app/.cxx/Debug/345c5g6q/armeabi-v7a/CMakeFiles/3.22.1-g37088a8-dirty/CMakeDetermineCompilerABI_CXX.bin,818,0
-	-	studbudz/android/app/.cxx/Debug/345c5g6q/arm64-v8a/CMakeFiles/3.22.1-g37088a8-dirty/CompilerIdC/CMakeCCompilerId.o,791,0
-	-	ios/Runner/Assets.xcassets/AppIcon.appiconset/Icon-App-83.5x83.5@2x.png,23,0
-	-	studbudz/android/app/.cxx/Debug/345c5g6q/armeabi-v7a/CMakeFiles/3.22.1-g37088a8-dirty/CompilerIdC/CMakeCCompilerId.o,791,0
